NAME,GS.br..follow.link.to.MSigDB,GS.DETAILS,SIZE,ES,NES,NOM.p.val,FDR.q.val,FWER.p.val,RANK.AT.MAX,LEADING.EDGE,Direction
OXPHOS_>_OXPHOS_SUBUNITS,OXPHOS_>_OXPHOS_SUBUNITS,Details ...,88,0.55126023,2.4694583,0,0,0,203,"tags=50%, list=19%, signal=57%",
OXPHOS_>_COMPLEX_V_>_CV_SUBUNITS,OXPHOS_>_COMPLEX_V_>_CV_SUBUNITS,Details ...,20,0.657312,2.0645576,0,0.003839129,0.007,286,"tags=80%, list=27%, signal=108%",
OXPHOS_>_COMPLEX_IV_>_CIV_SUBUNITS,OXPHOS_>_COMPLEX_IV_>_CIV_SUBUNITS,Details ...,9,0.7940761,1.9917257,0,0.007459759,0.02,193,"tags=89%, list=18%, signal=108%",
OXPHOS_>_COMPLEX_V,OXPHOS_>_COMPLEX_V,Details ...,24,0.5921788,1.9723368,0,0.007204044,0.026,317,"tags=79%, list=30%, signal=111%",
METABOLISM_>_ELECTRON_CARRIERS_>_CYTOCHROMES,METABOLISM_>_ELECTRON_CARRIERS_>_CYTOCHROMES,Details ...,6,0.8718793,1.9420302,0.002557545,0.007534207,0.034,119,"tags=83%, list=11%, signal=93%",
METABOLISM_>_METALS_AND_COFACTORS_>_HEME-CONTAINING_PROTEINS,METABOLISM_>_METALS_AND_COFACTORS_>_HEME-CONTAINING_PROTEINS,Details ...,11,0.6977764,1.8840529,0.003039514,0.011472749,0.062,165,"tags=64%, list=16%, signal=75%",
OXPHOS,OXPHOS,Details ...,137,0.38334954,1.8554282,0,0.014892709,0.093,203,"tags=39%, list=19%, signal=42%",
OXPHOS_>_COMPLEX_I_>_CI_SUBUNITS,OXPHOS_>_COMPLEX_I_>_CI_SUBUNITS,Details ...,39,0.434988,1.6340252,0.011363637,0.115490034,0.587,149,"tags=33%, list=14%, signal=37%",
METABOLISM_>_ELECTRON_CARRIERS,METABOLISM_>_ELECTRON_CARRIERS,Details ...,17,0.5379902,1.6156533,0.023880597,0.11749925,0.639,119,"tags=41%, list=11%, signal=46%",
MITOCHONDRIAL_DYNAMICS_AND_SURVEILLANCE_>_AUTOPHAGY,MITOCHONDRIAL_DYNAMICS_AND_SURVEILLANCE_>_AUTOPHAGY,Details ...,17,0.4924015,1.5552329,0.034188036,0.16766538,0.806,176,"tags=47%, list=17%, signal=56%",
OXPHOS_>_COMPLEX_II_>_CII_ASSEMBLY_FACTORS,OXPHOS_>_COMPLEX_II_>_CII_ASSEMBLY_FACTORS,Details ...,3,0.88046217,1.531525,0.02919708,0.1820765,0.846,108,"tags=67%, list=10%, signal=74%",
METABOLISM_>_NUCLEOTIDE_METABOLISM_>_NUCLEOTIDE_SYNTHESIS_AND_PROCESSING,METABOLISM_>_NUCLEOTIDE_METABOLISM_>_NUCLEOTIDE_SYNTHESIS_AND_PROCESSING,Details ...,18,0.48947996,1.4957999,0.041811846,0.21195322,0.906,70,"tags=28%, list=7%, signal=29%",
OXPHOS_>_COMPLEX_III_>_CIII_SUBUNITS,OXPHOS_>_COMPLEX_III_>_CIII_SUBUNITS,Details ...,13,0.52416396,1.4928913,0.061728396,0.19918786,0.91,249,"tags=62%, list=24%, signal=80%",
METABOLISM_>_VITAMIN_METABOLISM_>_VITAMIN_C_METABOLISM,METABOLISM_>_VITAMIN_METABOLISM_>_VITAMIN_C_METABOLISM,Details ...,7,0.6320389,1.4888278,0.0795756,0.18986033,0.912,124,"tags=71%, list=12%, signal=80%",
MITOCHONDRIAL_DYNAMICS_AND_SURVEILLANCE_>_MITOPHAGY,MITOCHONDRIAL_DYNAMICS_AND_SURVEILLANCE_>_MITOPHAGY,Details ...,15,0.47041076,1.4102625,0.07185629,0.28847322,0.986,176,"tags=47%, list=17%, signal=55%",
SIGNALING_>_CAMP-PKA_SIGNALING,SIGNALING_>_CAMP-PKA_SIGNALING,Details ...,5,0.65777546,1.4032124,0.13842481,0.28279293,0.989,213,"tags=60%, list=20%, signal=75%",
OXPHOS_>_COMPLEX_II,OXPHOS_>_COMPLEX_II,Details ...,8,0.56450546,1.3565334,0.16260162,0.34454933,0.997,219,"tags=63%, list=21%, signal=78%",
MITOCHONDRIAL_DYNAMICS_AND_SURVEILLANCE_>_APOPTOSIS,MITOCHONDRIAL_DYNAMICS_AND_SURVEILLANCE_>_APOPTOSIS,Details ...,16,0.41761157,1.283261,0.15789473,0.47724923,1,85,"tags=25%, list=8%, signal=27%",
METABOLISM_>_CARBOHYDRATE_METABOLISM_>_GLYCEROL_PHOSPHATE_SHUTTLE,METABOLISM_>_CARBOHYDRATE_METABOLISM_>_GLYCEROL_PHOSPHATE_SHUTTLE,Details ...,2,0.8211732,1.2610977,0.18141593,0.50462765,1,22,"tags=50%, list=2%, signal=51%",
METABOLISM_>_VITAMIN_METABOLISM_>_VITAMIN_B1_METABOLISM,METABOLISM_>_VITAMIN_METABOLISM_>_VITAMIN_B1_METABOLISM,Details ...,1,0.923445,1.2200283,0.17755102,0.58173895,1,80,"tags=100%, list=8%, signal=108%",
OXPHOS_>_COMPLEX_IV,OXPHOS_>_COMPLEX_IV,,32,0.33335876,1.2160643,0.17695473,0.5628894,1,193,"tags=41%, list=18%, signal=48%",
METABOLISM_>_METALS_AND_COFACTORS_>_TETRAHYDROBIOPTERIN_SYNTHESIS,METABOLISM_>_METALS_AND_COFACTORS_>_TETRAHYDROBIOPTERIN_SYNTHESIS,,2,0.802682,1.2151757,0.20816326,0.53938866,1,207,"tags=100%, list=20%, signal=124%",
METABOLISM_>_METALS_AND_COFACTORS_>_FE-S-CONTAINING_PROTEINS,METABOLISM_>_METALS_AND_COFACTORS_>_FE-S-CONTAINING_PROTEINS,,36,0.325657,1.2020648,0.19354838,0.54518676,1,197,"tags=31%, list=19%, signal=36%",
OXPHOS_>_COMPLEX_III,OXPHOS_>_COMPLEX_III,,16,0.40067732,1.1891991,0.209375,0.551984,1,156,"tags=38%, list=15%, signal=43%",
OXPHOS_>_COMPLEX_I,OXPHOS_>_COMPLEX_I,,56,0.2921971,1.1826649,0.15714286,0.5430956,1,180,"tags=29%, list=17%, signal=33%",
METABOLISM_>_METALS_AND_COFACTORS,METABOLISM_>_METALS_AND_COFACTORS,,120,0.2435357,1.1824498,0.08108108,0.52258605,1,124,"tags=18%, list=12%, signal=18%",
MITOCHONDRIAL_DYNAMICS_AND_SURVEILLANCE_>_ORGANELLE_CONTACT_SITES,MITOCHONDRIAL_DYNAMICS_AND_SURVEILLANCE_>_ORGANELLE_CONTACT_SITES,,15,0.36964497,1.1095839,0.3313433,0.6587832,1,173,"tags=40%, list=17%, signal=47%",
MITOCHONDRIAL_DYNAMICS_AND_SURVEILLANCE,MITOCHONDRIAL_DYNAMICS_AND_SURVEILLANCE,,73,0.25631103,1.1063979,0.18709677,0.6422395,1,182,"tags=30%, list=17%, signal=34%",
METABOLISM_>_AMINO_ACID_METABOLISM_>_CATECHOL_METABOLISM,METABOLISM_>_AMINO_ACID_METABOLISM_>_CATECHOL_METABOLISM,,1,0.8334928,1.1046404,0.34552845,0.62385404,1,174,"tags=100%, list=17%, signal=120%",
METABOLISM_>_METALS_AND_COFACTORS_>_COENZYME_Q_METABOLISM,METABOLISM_>_METALS_AND_COFACTORS_>_COENZYME_Q_METABOLISM,,9,0.43004817,1.097892,0.3579235,0.6175005,1,77,"tags=22%, list=7%, signal=24%",
"METABOLISM_>_ELECTRON_CARRIERS_>_Q-LINKED_REACTIONS,_OTHER","METABOLISM_>_ELECTRON_CARRIERS_>_Q-LINKED_REACTIONS,_OTHER",,11,0.39158404,1.0863855,0.32941177,0.62059855,1,22,"tags=18%, list=2%, signal=18%",
METABOLISM_>_DETOXIFICATION_>_AMIDOXIME_REDUCING_COMPLEX,METABOLISM_>_DETOXIFICATION_>_AMIDOXIME_REDUCING_COMPLEX,,8,0.46473494,1.0816133,0.38333333,0.6098176,1,119,"tags=50%, list=11%, signal=56%",
OXPHOS_>_CYTOCHROME_C,OXPHOS_>_CYTOCHROME_C,,2,0.653098,1.0172653,0.49563318,0.72243685,1,43,"tags=50%, list=4%, signal=52%",
METABOLISM_>_AMINO_ACID_METABOLISM_>_GLYCINE_CLEAVAGE_SYSTEM,METABOLISM_>_AMINO_ACID_METABOLISM_>_GLYCINE_CLEAVAGE_SYSTEM,,5,0.47742558,0.9881782,0.47160494,0.7643367,1,548,"tags=100%, list=52%, signal=209%",
METABOLISM_>_METALS_AND_COFACTORS_>_COPPER_METABOLISM,METABOLISM_>_METALS_AND_COFACTORS_>_COPPER_METABOLISM,,8,0.40718207,0.97891474,0.4712042,0.7630082,1,26,"tags=25%, list=2%, signal=25%",
METABOLISM_>_DETOXIFICATION_>_ROS_AND_GLUTATHIONE_METABOLISM,METABOLISM_>_DETOXIFICATION_>_ROS_AND_GLUTATHIONE_METABOLISM,,35,0.27103126,0.9785304,0.4777328,0.7429877,1,143,"tags=26%, list=14%, signal=29%",
SIGNALING_>_IMMUNE_RESPONSE,SIGNALING_>_IMMUNE_RESPONSE,,1,0.7110048,0.95436245,0.5575049,0.77142483,1,302,"tags=100%, list=29%, signal=140%",
"PROTEIN_IMPORT,_SORTING_AND_HOMEOSTASIS_>_PROTEIN_IMPORT_AND_SORTING_>_OXA","PROTEIN_IMPORT,_SORTING_AND_HOMEOSTASIS_>_PROTEIN_IMPORT_AND_SORTING_>_OXA",,1,0.7186603,0.94502884,0.5903614,0.7705524,1,294,"tags=100%, list=28%, signal=139%",
METABOLISM_>_CARBOHYDRATE_METABOLISM_>_PYRUVATE_METABOLISM,METABOLISM_>_CARBOHYDRATE_METABOLISM_>_PYRUVATE_METABOLISM,,10,0.36776063,0.9185492,0.526738,0.8024441,1,664,"tags=100%, list=63%, signal=271%",
MITOCHONDRIAL_DYNAMICS_AND_SURVEILLANCE_>_CRISTAE_FORMATION,MITOCHONDRIAL_DYNAMICS_AND_SURVEILLANCE_>_CRISTAE_FORMATION,,10,0.33948854,0.890012,0.62133336,0.83854026,1,182,"tags=50%, list=17%, signal=60%",
METABOLISM_>_METALS_AND_COFACTORS_>_MOLYBDENUM_COFACTOR_SYNTHESIS_AND_PROTEINS,METABOLISM_>_METALS_AND_COFACTORS_>_MOLYBDENUM_COFACTOR_SYNTHESIS_AND_PROTEINS,,7,0.39487487,0.87781197,0.63366336,0.84210336,1,39,"tags=29%, list=4%, signal=29%",
"METABOLISM_>_LIPID_METABOLISM_>_CHOLESTEROL,_BILE_ACID,_STEROID_SYNTHESIS","METABOLISM_>_LIPID_METABOLISM_>_CHOLESTEROL,_BILE_ACID,_STEROID_SYNTHESIS",,18,0.28464705,0.877611,0.62025315,0.82262266,1,93,"tags=22%, list=9%, signal=24%",
METABOLISM_>_AMINO_ACID_METABOLISM_>_GLUTAMATE_METABOLISM,METABOLISM_>_AMINO_ACID_METABOLISM_>_GLUTAMATE_METABOLISM,,9,0.33877543,0.8327097,0.6773256,0.8793073,1,17,"tags=11%, list=2%, signal=11%",
METABOLISM_>_VITAMIN_METABOLISM_>_VITAMIN_B12_METABOLISM,METABOLISM_>_VITAMIN_METABOLISM_>_VITAMIN_B12_METABOLISM,,4,0.43926638,0.8136264,0.6958525,0.89051217,1,179,"tags=50%, list=17%, signal=60%",
SMALL_MOLECULE_TRANSPORT_>_CALCIUM_UNIPORTER,SMALL_MOLECULE_TRANSPORT_>_CALCIUM_UNIPORTER,,4,0.42056575,0.8123777,0.66193855,0.87298805,1,341,"tags=75%, list=33%, signal=111%",
METABOLISM_>_AMINO_ACID_METABOLISM_>_PROLINE_METABOLISM,METABOLISM_>_AMINO_ACID_METABOLISM_>_PROLINE_METABOLISM,,5,0.38959008,0.8005869,0.68235296,0.87388957,1,25,"tags=20%, list=2%, signal=20%",
"PROTEIN_IMPORT,_SORTING_AND_HOMEOSTASIS_>_PROTEIN_IMPORT_AND_SORTING_>_TOM","PROTEIN_IMPORT,_SORTING_AND_HOMEOSTASIS_>_PROTEIN_IMPORT_AND_SORTING_>_TOM",,4,0.41022295,0.775415,0.75252527,0.8922702,1,42,"tags=25%, list=4%, signal=26%",
METABOLISM_>_DETOXIFICATION_>_SELENOPROTEINS,METABOLISM_>_DETOXIFICATION_>_SELENOPROTEINS,,8,0.3140655,0.769164,0.76,0.882172,1,719,"tags=100%, list=69%, signal=317%",
MITOCHONDRIAL_CENTRAL_DOGMA_>_MTRNA_METABOLISM_>_TRANSCRIPTION,MITOCHONDRIAL_CENTRAL_DOGMA_>_MTRNA_METABOLISM_>_TRANSCRIPTION,,5,0.35818923,0.7390803,0.77102804,0.90442574,1,192,"tags=40%, list=18%, signal=49%",
OXPHOS_>_COMPLEX_II_>_CII_SUBUNITS,OXPHOS_>_COMPLEX_II_>_CII_SUBUNITS,,5,0.33411753,0.6859916,0.8161209,0.94822633,1,219,"tags=60%, list=21%, signal=76%",
OXPHOS_>_RESPIRASOME_ASSEMBLY,OXPHOS_>_RESPIRASOME_ASSEMBLY,,2,0.42816094,0.66257244,0.8641189,0.95315486,1,598,"tags=100%, list=57%, signal=233%",
"PROTEIN_IMPORT,_SORTING_AND_HOMEOSTASIS_>_PROTEIN_IMPORT_AND_SORTING_>_SAM","PROTEIN_IMPORT,_SORTING_AND_HOMEOSTASIS_>_PROTEIN_IMPORT_AND_SORTING_>_SAM",,3,0.3691275,0.6413149,0.875,0.9527705,1,660,"tags=100%, list=63%, signal=270%",
METABOLISM_>_METALS_AND_COFACTORS_>_COENZYME_A_METABOLISM,METABOLISM_>_METALS_AND_COFACTORS_>_COENZYME_A_METABOLISM,,7,0.23580365,0.54963,0.97637796,0.9877331,1,800,"tags=100%, list=76%, signal=422%",
"PROTEIN_IMPORT,_SORTING_AND_HOMEOSTASIS_>_PROTEIN_IMPORT_AND_SORTING_>_TIM22_CARRIER_PATHWAY","PROTEIN_IMPORT,_SORTING_AND_HOMEOSTASIS_>_PROTEIN_IMPORT_AND_SORTING_>_TIM22_CARRIER_PATHWAY",,3,0.29981408,0.518913,0.95412844,0.9816224,1,264,"tags=67%, list=25%, signal=89%",
METABOLISM_>_AMINO_ACID_METABOLISM_>_UREA_CYCLE,METABOLISM_>_AMINO_ACID_METABOLISM_>_UREA_CYCLE,,7,-0.22329162,-0.46042415,0.9872,0.99345315,1,815,"tags=100%, list=78%, signal=450%",
OXPHOS_>_COMPLEX_V_>_CV_ASSEMBLY_FACTORS,OXPHOS_>_COMPLEX_V_>_CV_ASSEMBLY_FACTORS,,4,-0.26123288,-0.46250448,0.9852459,1,1,199,"tags=25%, list=19%, signal=31%",
"PROTEIN_IMPORT,_SORTING_AND_HOMEOSTASIS_>_PROTEIN_IMPORT_AND_SORTING_>_PREPROTEIN_CLEAVAGE","PROTEIN_IMPORT,_SORTING_AND_HOMEOSTASIS_>_PROTEIN_IMPORT_AND_SORTING_>_PREPROTEIN_CLEAVAGE",,11,-0.2291601,-0.52988607,0.9633758,0.99888957,1,203,"tags=18%, list=19%, signal=22%",
MITOCHONDRIAL_CENTRAL_DOGMA_>_MTDNA_MAINTENANCE_>_MTDNA_NUCLEOID,MITOCHONDRIAL_CENTRAL_DOGMA_>_MTDNA_MAINTENANCE_>_MTDNA_NUCLEOID,,7,-0.25719178,-0.5343391,0.9654036,1,1,314,"tags=43%, list=30%, signal=61%",
"PROTEIN_IMPORT,_SORTING_AND_HOMEOSTASIS_>_PROTEIN_IMPORT_AND_SORTING_>_IMPORT_MOTOR","PROTEIN_IMPORT,_SORTING_AND_HOMEOSTASIS_>_PROTEIN_IMPORT_AND_SORTING_>_IMPORT_MOTOR",,4,-0.3157436,-0.5536833,0.9467354,1,1,151,"tags=25%, list=14%, signal=29%",
METABOLISM_>_CARBOHYDRATE_METABOLISM_>_TCA_CYCLE,METABOLISM_>_CARBOHYDRATE_METABOLISM_>_TCA_CYCLE,,24,-0.19810759,-0.5604221,0.97609,1,1,168,"tags=13%, list=16%, signal=15%",
METABOLISM_>_LIPID_METABOLISM_>_LIPOATE_INSERTION,METABOLISM_>_LIPID_METABOLISM_>_LIPOATE_INSERTION,,5,-0.30019072,-0.5679818,0.95229983,1,1,181,"tags=20%, list=17%, signal=24%",
MITOCHONDRIAL_CENTRAL_DOGMA_>_TRANSLATION_>_MITOCHONDRIAL_RIBOSOME,MITOCHONDRIAL_CENTRAL_DOGMA_>_TRANSLATION_>_MITOCHONDRIAL_RIBOSOME,,79,-0.18465339,-0.64200145,0.97633135,0.9959712,1,191,"tags=13%, list=18%, signal=14%",
METABOLISM_>_VITAMIN_METABOLISM_>_VITAMIN_B6_METABOLISM,METABOLISM_>_VITAMIN_METABOLISM_>_VITAMIN_B6_METABOLISM,,3,-0.39157972,-0.6544007,0.8900524,0.9979378,1,201,"tags=33%, list=19%, signal=41%",
UNKNOWN,UNKNOWN,,75,-0.19391267,-0.67656684,0.95272726,0.9911709,1,121,"tags=11%, list=12%, signal=11%",
METABOLISM_>_METALS_AND_COFACTORS_>_CARNITINE_SYNTHESIS_AND_TRANSPORT,METABOLISM_>_METALS_AND_COFACTORS_>_CARNITINE_SYNTHESIS_AND_TRANSPORT,,5,-0.37261635,-0.69672924,0.85714287,0.9824263,1,94,"tags=20%, list=9%, signal=22%",
MITOCHONDRIAL_DYNAMICS_AND_SURVEILLANCE_>_FISSION,MITOCHONDRIAL_DYNAMICS_AND_SURVEILLANCE_>_FISSION,,10,-0.30545703,-0.697268,0.83601284,0.9932998,1,33,"tags=10%, list=3%, signal=10%",
MITOCHONDRIAL_DYNAMICS_AND_SURVEILLANCE_>_INTRAMITOCHONDRIAL_MEMBRANE_INTERACTIONS,MITOCHONDRIAL_DYNAMICS_AND_SURVEILLANCE_>_INTRAMITOCHONDRIAL_MEMBRANE_INTERACTIONS,,7,-0.33779857,-0.6997991,0.85365856,1,1,387,"tags=57%, list=37%, signal=90%",
"PROTEIN_IMPORT,_SORTING_AND_HOMEOSTASIS_>_PROTEIN_IMPORT_AND_SORTING_>_MIA40","PROTEIN_IMPORT,_SORTING_AND_HOMEOSTASIS_>_PROTEIN_IMPORT_AND_SORTING_>_MIA40",,6,-0.3607692,-0.72288704,0.8042763,0.98807585,1,46,"tags=17%, list=4%, signal=17%",
METABOLISM_>_NUCLEOTIDE_METABOLISM,METABOLISM_>_NUCLEOTIDE_METABOLISM,,34,-0.24816851,-0.7511096,0.8241335,0.963677,1,15,"tags=6%, list=1%, signal=6%",
MITOCHONDRIAL_CENTRAL_DOGMA_>_MTRNA_METABOLISM_>_MT-RRNA_MODIFICATIONS,MITOCHONDRIAL_CENTRAL_DOGMA_>_MTRNA_METABOLISM_>_MT-RRNA_MODIFICATIONS,,18,-0.2951297,-0.77755237,0.79685265,0.9379268,1,369,"tags=50%, list=35%, signal=76%",
SIGNALING_>_CALCIUM_HOMEOSTASIS_>_CALCIUM_CYCLE,SIGNALING_>_CALCIUM_HOMEOSTASIS_>_CALCIUM_CYCLE,,13,-0.31750187,-0.7856028,0.73538464,0.9371008,1,127,"tags=23%, list=12%, signal=26%",
MITOCHONDRIAL_CENTRAL_DOGMA_>_TRANSLATION_>_MITOCHONDRIAL_RIBOSOME_ASSEMBLY,MITOCHONDRIAL_CENTRAL_DOGMA_>_TRANSLATION_>_MITOCHONDRIAL_RIBOSOME_ASSEMBLY,,20,-0.2926186,-0.78959715,0.7753304,0.9431986,1,267,"tags=40%, list=26%, signal=53%",
METABOLISM_>_AMINO_ACID_METABOLISM_>_LYSINE_METABOLISM,METABOLISM_>_AMINO_ACID_METABOLISM_>_LYSINE_METABOLISM,,22,-0.28327754,-0.79448235,0.74712646,0.9474301,1,447,"tags=55%, list=43%, signal=93%",
METABOLISM_>_DETOXIFICATION,METABOLISM_>_DETOXIFICATION,,78,-0.22569257,-0.7968606,0.8097503,0.9560905,1,241,"tags=26%, list=23%, signal=31%",
MITOCHONDRIAL_CENTRAL_DOGMA_>_MTRNA_METABOLISM_>_MTRNA_GRANULES,MITOCHONDRIAL_CENTRAL_DOGMA_>_MTRNA_METABOLISM_>_MTRNA_GRANULES,,25,-0.28111213,-0.8007094,0.7566064,0.9624829,1,332,"tags=40%, list=32%, signal=57%",
"PROTEIN_IMPORT,_SORTING_AND_HOMEOSTASIS_>_PROTEIN_IMPORT_AND_SORTING_>_TIM23_PRESEQUENCE_PATHWAY","PROTEIN_IMPORT,_SORTING_AND_HOMEOSTASIS_>_PROTEIN_IMPORT_AND_SORTING_>_TIM23_PRESEQUENCE_PATHWAY",,7,-0.37969705,-0.8042167,0.708134,0.9692022,1,175,"tags=29%, list=17%, signal=34%",
METABOLISM_>_METALS_AND_COFACTORS_>_FE-S_CLUSTER_BIOSYNTHESIS,METABOLISM_>_METALS_AND_COFACTORS_>_FE-S_CLUSTER_BIOSYNTHESIS,,27,-0.28236753,-0.8204163,0.7244202,0.95398635,1,146,"tags=22%, list=14%, signal=25%",
MITOCHONDRIAL_DYNAMICS_AND_SURVEILLANCE_>_CRISTAE_FORMATION_>_MICOS_COMPLEX,MITOCHONDRIAL_DYNAMICS_AND_SURVEILLANCE_>_CRISTAE_FORMATION_>_MICOS_COMPLEX,,6,-0.40976432,-0.8288494,0.6872964,0.9518397,1,27,"tags=17%, list=3%, signal=17%",
METABOLISM_>_LIPID_METABOLISM_>_TYPE_II_FATTY_ACID_SYNTHESIS,METABOLISM_>_LIPID_METABOLISM_>_TYPE_II_FATTY_ACID_SYNTHESIS,,15,-0.33575785,-0.8403352,0.6735905,0.9443802,1,239,"tags=27%, list=23%, signal=34%",
METABOLISM_>_VITAMIN_METABOLISM_>_BIOTIN_UTILIZING_PROTEINS,METABOLISM_>_VITAMIN_METABOLISM_>_BIOTIN_UTILIZING_PROTEINS,,5,-0.448766,-0.8502752,0.6740995,0.9403517,1,364,"tags=80%, list=35%, signal=122%",
METABOLISM_>_CARBOHYDRATE_METABOLISM_>_MALATE-ASPARTATE_SHUTTLE,METABOLISM_>_CARBOHYDRATE_METABOLISM_>_MALATE-ASPARTATE_SHUTTLE,,7,-0.419727,-0.8680289,0.645469,0.9205736,1,114,"tags=14%, list=11%, signal=16%",
METABOLISM_>_CARBOHYDRATE_METABOLISM_>_GLUCONEOGENESIS,METABOLISM_>_CARBOHYDRATE_METABOLISM_>_GLUCONEOGENESIS,,13,-0.35103136,-0.872115,0.622291,0.92614317,1,440,"tags=54%, list=42%, signal=92%",
MITOCHONDRIAL_CENTRAL_DOGMA_>_MTRNA_METABOLISM_>_MTRNA_STABILITY_AND_DECAY,MITOCHONDRIAL_CENTRAL_DOGMA_>_MTRNA_METABOLISM_>_MTRNA_STABILITY_AND_DECAY,,17,-0.34163028,-0.88707095,0.6201439,0.91091627,1,281,"tags=41%, list=27%, signal=55%",
METABOLISM_>_VITAMIN_METABOLISM_>_VITAMIN_D_METABOLISM,METABOLISM_>_VITAMIN_METABOLISM_>_VITAMIN_D_METABOLISM,,4,-0.51313484,-0.9016213,0.635274,0.8952082,1,371,"tags=75%, list=35%, signal=116%",
MITOCHONDRIAL_CENTRAL_DOGMA_>_TRANSLATION_>_FMET_PROCESSING,MITOCHONDRIAL_CENTRAL_DOGMA_>_TRANSLATION_>_FMET_PROCESSING,,1,-0.67464113,-0.902711,0.65900385,0.9066476,1,342,"tags=100%, list=33%, signal=148%",
METABOLISM_>_AMINO_ACID_METABOLISM_>_GLYOXYLATE_METABOLISM,METABOLISM_>_AMINO_ACID_METABOLISM_>_GLYOXYLATE_METABOLISM,,7,-0.43181956,-0.9073688,0.60367894,0.9110687,1,234,"tags=43%, list=22%, signal=55%",
SIGNALING,SIGNALING,,47,-0.28131595,-0.9093182,0.62516046,0.9212425,1,140,"tags=17%, list=13%, signal=19%",
METABOLISM_>_DETOXIFICATION_>_XENOBIOTIC_METABOLISM,METABOLISM_>_DETOXIFICATION_>_XENOBIOTIC_METABOLISM,,43,-0.2849019,-0.91650265,0.60766184,0.9205778,1,169,"tags=23%, list=16%, signal=27%",
METABOLISM_>_METALS_AND_COFACTORS_>_IRON_HOMEOSTASIS,METABOLISM_>_METALS_AND_COFACTORS_>_IRON_HOMEOSTASIS,,2,-0.6149425,-0.91868263,0.6282528,0.93042594,1,405,"tags=100%, list=39%, signal=163%",
OXPHOS_>_COMPLEX_III_>_CIII_ASSEMBLY_FACTORS,OXPHOS_>_COMPLEX_III_>_CIII_ASSEMBLY_FACTORS,,3,-0.5661031,-0.927896,0.61966604,0.9239646,1,280,"tags=67%, list=27%, signal=91%",
METABOLISM_>_AMINO_ACID_METABOLISM_>_BRANCHED-CHAIN_AMINO_ACID_DEHYDROGENASE_COMPLEX,METABOLISM_>_AMINO_ACID_METABOLISM_>_BRANCHED-CHAIN_AMINO_ACID_DEHYDROGENASE_COMPLEX,,4,-0.524952,-0.9413216,0.5704584,0.9081529,1,500,"tags=100%, list=48%, signal=191%",
SIGNALING_>_CALCIUM_HOMEOSTASIS_>_EF_HAND_PROTEINS,SIGNALING_>_CALCIUM_HOMEOSTASIS_>_EF_HAND_PROTEINS,,8,-0.4469127,-0.95224416,0.5373609,0.8988342,1,39,"tags=13%, list=4%, signal=13%",
MITOCHONDRIAL_CENTRAL_DOGMA_>_TRANSLATION_>_TRANSLATION_FACTORS,MITOCHONDRIAL_CENTRAL_DOGMA_>_TRANSLATION_>_TRANSLATION_FACTORS,,12,-0.4119533,-0.9690059,0.54347825,0.87369776,1,215,"tags=25%, list=21%, signal=31%",
MITOCHONDRIAL_CENTRAL_DOGMA_>_TRANSLATION,MITOCHONDRIAL_CENTRAL_DOGMA_>_TRANSLATION,,146,-0.25992367,-0.9781596,0.53940064,0.8671005,1,223,"tags=20%, list=21%, signal=22%",
METABOLISM_>_CARBOHYDRATE_METABOLISM_>_TCA-ASSOCIATED,METABOLISM_>_CARBOHYDRATE_METABOLISM_>_TCA-ASSOCIATED,,20,-0.3617536,-0.98660994,0.5105783,0.8620486,1,295,"tags=35%, list=28%, signal=48%",
"PROTEIN_IMPORT,_SORTING_AND_HOMEOSTASIS_>_PROTEIN_HOMEOSTASIS","PROTEIN_IMPORT,_SORTING_AND_HOMEOSTASIS_>_PROTEIN_HOMEOSTASIS",,58,-0.29863057,-0.9966915,0.4823386,0.85223997,1,203,"tags=24%, list=19%, signal=28%",
"PROTEIN_IMPORT,_SORTING_AND_HOMEOSTASIS","PROTEIN_IMPORT,_SORTING_AND_HOMEOSTASIS",,91,-0.27977857,-1.0041414,0.4653349,0.84820455,1,203,"tags=23%, list=19%, signal=26%",
METABOLISM_>_AMINO_ACID_METABOLISM_>_GLYCINE_METABOLISM,METABOLISM_>_AMINO_ACID_METABOLISM_>_GLYCINE_METABOLISM,,16,-0.40237507,-1.0287087,0.43644717,0.8008547,1,17,"tags=6%, list=2%, signal=6%",
SIGNALING_>_CALCIUM_HOMEOSTASIS_>_MITOCHONDRIAL_PERMEABILITY_TRANSITION_PORE,SIGNALING_>_CALCIUM_HOMEOSTASIS_>_MITOCHONDRIAL_PERMEABILITY_TRANSITION_PORE,,13,-0.4228001,-1.0341201,0.4073507,0.80107075,1,140,"tags=23%, list=13%, signal=26%",
METABOLISM_>_METALS_AND_COFACTORS_>_CARNITINE_SHUTTLE,METABOLISM_>_METALS_AND_COFACTORS_>_CARNITINE_SHUTTLE,,4,-0.5783749,-1.0347077,0.47795415,0.8153849,1,94,"tags=25%, list=9%, signal=27%",
MITOCHONDRIAL_CENTRAL_DOGMA_>_MTDNA_MAINTENANCE_>_MTDNA_STABILITY_AND_DECAY,MITOCHONDRIAL_CENTRAL_DOGMA_>_MTDNA_MAINTENANCE_>_MTDNA_STABILITY_AND_DECAY,,2,-0.6934866,-1.0385139,0.44801512,0.8219686,1,323,"tags=100%, list=31%, signal=144%",
METABOLISM_>_VITAMIN_METABOLISM,METABOLISM_>_VITAMIN_METABOLISM,,65,-0.30220905,-1.0452273,0.38026473,0.8205711,1,251,"tags=29%, list=24%, signal=36%",
METABOLISM_>_AMINO_ACID_METABOLISM_>_SERINE_METABOLISM,METABOLISM_>_AMINO_ACID_METABOLISM_>_SERINE_METABOLISM,,9,-0.4684618,-1.0508796,0.4235474,0.8216143,1,211,"tags=33%, list=20%, signal=41%",
"PROTEIN_IMPORT,_SORTING_AND_HOMEOSTASIS_>_PROTEIN_IMPORT_AND_SORTING","PROTEIN_IMPORT,_SORTING_AND_HOMEOSTASIS_>_PROTEIN_IMPORT_AND_SORTING",,50,-0.32735738,-1.0650407,0.37971392,0.8006275,1,203,"tags=24%, list=19%, signal=28%",
MITOCHONDRIAL_DYNAMICS_AND_SURVEILLANCE_>_TRAFFICKING,MITOCHONDRIAL_DYNAMICS_AND_SURVEILLANCE_>_TRAFFICKING,,4,-0.5876145,-1.0733968,0.42881355,0.7942528,1,39,"tags=25%, list=4%, signal=26%",
MITOCHONDRIAL_CENTRAL_DOGMA_>_MTRNA_METABOLISM_>_MT-TRNA_MODIFICATIONS,MITOCHONDRIAL_CENTRAL_DOGMA_>_MTRNA_METABOLISM_>_MT-TRNA_MODIFICATIONS,,22,-0.38463098,-1.0774212,0.36079547,0.80068284,1,419,"tags=59%, list=40%, signal=97%",
"PROTEIN_IMPORT,_SORTING_AND_HOMEOSTASIS_>_PROTEIN_HOMEOSTASIS_>_CHAPERONES","PROTEIN_IMPORT,_SORTING_AND_HOMEOSTASIS_>_PROTEIN_HOMEOSTASIS_>_CHAPERONES",,21,-0.39837247,-1.082242,0.35971224,0.80482495,1,141,"tags=24%, list=13%, signal=27%",
METABOLISM_>_NUCLEOTIDE_METABOLISM_>_NUCLEOTIDE_IMPORT,METABOLISM_>_NUCLEOTIDE_METABOLISM_>_NUCLEOTIDE_IMPORT,,10,-0.47444832,-1.0826005,0.39625585,0.8223105,1,331,"tags=50%, list=32%, signal=72%",
METABOLISM_>_AMINO_ACID_METABOLISM_>_GABA_METABOLISM,METABOLISM_>_AMINO_ACID_METABOLISM_>_GABA_METABOLISM,,7,-0.52351916,-1.0830374,0.39967638,0.84061146,1,476,"tags=71%, list=46%, signal=130%",
OXPHOS_>_OXPHOS_ASSEMBLY_FACTORS,OXPHOS_>_OXPHOS_ASSEMBLY_FACTORS,,49,-0.3393413,-1.100925,0.31025642,0.80758524,1,131,"tags=20%, list=13%, signal=22%",
SMALL_MOLECULE_TRANSPORT_>_SIDEROFLEXINS,SMALL_MOLECULE_TRANSPORT_>_SIDEROFLEXINS,,6,-0.548577,-1.1068295,0.3848684,0.80936265,1,295,"tags=67%, list=28%, signal=92%",
MITOCHONDRIAL_CENTRAL_DOGMA_>_MTDNA_MAINTENANCE_>_MTDNA_REPLICATION,MITOCHONDRIAL_CENTRAL_DOGMA_>_MTDNA_MAINTENANCE_>_MTDNA_REPLICATION,,15,-0.43154493,-1.1114656,0.3265625,0.81569487,1,323,"tags=53%, list=31%, signal=76%",
METABOLISM_>_CARBOHYDRATE_METABOLISM_>_PROPANOATE_METABOLISM,METABOLISM_>_CARBOHYDRATE_METABOLISM_>_PROPANOATE_METABOLISM,,6,-0.56405425,-1.1317883,0.33278418,0.7743228,1,364,"tags=67%, list=35%, signal=102%",
SIGNALING_>_CALCIUM_HOMEOSTASIS,SIGNALING_>_CALCIUM_HOMEOSTASIS,,32,-0.37512437,-1.1374488,0.29224378,0.7762498,1,140,"tags=22%, list=13%, signal=24%",
METABOLISM_>_VITAMIN_METABOLISM_>_VITAMIN_A_METABOLISM,METABOLISM_>_VITAMIN_METABOLISM_>_VITAMIN_A_METABOLISM,,17,-0.43572256,-1.146502,0.2946299,0.7676607,1,225,"tags=35%, list=22%, signal=44%",
METABOLISM_>_SULFUR_METABOLISM,METABOLISM_>_SULFUR_METABOLISM,,13,-0.47221822,-1.1475254,0.29909366,0.7864138,1,120,"tags=38%, list=11%, signal=43%",
MITOCHONDRIAL_CENTRAL_DOGMA_>_MTDNA_MAINTENANCE_>_MTDNA_MODIFICATIONS,MITOCHONDRIAL_CENTRAL_DOGMA_>_MTDNA_MAINTENANCE_>_MTDNA_MODIFICATIONS,,1,-0.8602871,-1.1500188,0.27967808,0.8008272,1,148,"tags=100%, list=14%, signal=116%",
MITOCHONDRIAL_CENTRAL_DOGMA_>_MTRNA_METABOLISM,MITOCHONDRIAL_CENTRAL_DOGMA_>_MTRNA_METABOLISM,,67,-0.33244228,-1.1516184,0.25516403,0.81934124,1,370,"tags=46%, list=35%, signal=67%",
METABOLISM_>_LIPID_METABOLISM_>_CHOLESTEROL-ASSOCIATED,METABOLISM_>_LIPID_METABOLISM_>_CHOLESTEROL-ASSOCIATED,,2,-0.7803633,-1.1637902,0.2911153,0.80125064,1,224,"tags=50%, list=21%, signal=64%",
MITOCHONDRIAL_CENTRAL_DOGMA_>_MTRNA_METABOLISM_>_POLYCISTRONIC_MTRNA_PROCESSING,MITOCHONDRIAL_CENTRAL_DOGMA_>_MTRNA_METABOLISM_>_POLYCISTRONIC_MTRNA_PROCESSING,,7,-0.5702004,-1.1775136,0.28548124,0.77668047,1,147,"tags=57%, list=14%, signal=66%",
METABOLISM_>_LIPID_METABOLISM_>_EICOSANOID_METABOLISM,METABOLISM_>_LIPID_METABOLISM_>_EICOSANOID_METABOLISM,,1,-0.8976076,-1.1884018,0.23217922,0.76347995,1,109,"tags=100%, list=10%, signal=112%",
OXPHOS_>_COMPLEX_I_>_CI_ASSEMBLY_FACTORS,OXPHOS_>_COMPLEX_I_>_CI_ASSEMBLY_FACTORS,,17,-0.4444319,-1.2021921,0.23121387,0.7394188,1,317,"tags=53%, list=30%, signal=75%",
METABOLISM_>_CARBOHYDRATE_METABOLISM,METABOLISM_>_CARBOHYDRATE_METABOLISM,,82,-0.34369504,-1.2113749,0.15933412,0.73046225,1,295,"tags=30%, list=28%, signal=39%",
MITOCHONDRIAL_CENTRAL_DOGMA_>_MTRNA_METABOLISM_>_MT-MRNA_MODIFICATIONS,MITOCHONDRIAL_CENTRAL_DOGMA_>_MTRNA_METABOLISM_>_MT-MRNA_MODIFICATIONS,,6,-0.60789984,-1.2161114,0.23274478,0.73916155,1,95,"tags=33%, list=9%, signal=36%",
METABOLISM_>_LIPID_METABOLISM_>_PHOSPHOLIPID_METABOLISM,METABOLISM_>_LIPID_METABOLISM_>_PHOSPHOLIPID_METABOLISM,,33,-0.40389886,-1.2164767,0.1915761,0.76602954,1,212,"tags=36%, list=20%, signal=44%",
METABOLISM_>_AMINO_ACID_METABOLISM,METABOLISM_>_AMINO_ACID_METABOLISM,,102,-0.34173355,-1.2227799,0.13063584,0.771761,1,316,"tags=35%, list=30%, signal=46%",
METABOLISM_>_AMINO_ACID_METABOLISM_>_KYNURENINE_METABOLISM,METABOLISM_>_AMINO_ACID_METABOLISM_>_KYNURENINE_METABOLISM,,7,-0.598509,-1.2473983,0.21972318,0.70604074,1,205,"tags=43%, list=20%, signal=53%",
METABOLISM_>_CARBOHYDRATE_METABOLISM_>_ITACONATE_METABOLISM,METABOLISM_>_CARBOHYDRATE_METABOLISM_>_ITACONATE_METABOLISM,,6,-0.6288485,-1.2637887,0.20578231,0.6768058,1,135,"tags=33%, list=13%, signal=38%",
MITOCHONDRIAL_CENTRAL_DOGMA,MITOCHONDRIAL_CENTRAL_DOGMA,,209,-0.32597312,-1.2667973,0.0513089,0.6945541,1,350,"tags=37%, list=33%, signal=45%",
"PROTEIN_IMPORT,_SORTING_AND_HOMEOSTASIS_>_PROTEIN_HOMEOSTASIS_>_PROTEASES","PROTEIN_IMPORT,_SORTING_AND_HOMEOSTASIS_>_PROTEIN_HOMEOSTASIS_>_PROTEASES",,34,-0.41911536,-1.2685765,0.1498029,0.7198389,1,203,"tags=32%, list=19%, signal=39%",
SMALL_MOLECULE_TRANSPORT_>_ABC_TRANSPORTERS,SMALL_MOLECULE_TRANSPORT_>_ABC_TRANSPORTERS,Details ...,14,-0.5112364,-1.3076378,0.15453194,0.60024035,1,334,"tags=57%, list=32%, signal=83%",
MITOCHONDRIAL_DYNAMICS_AND_SURVEILLANCE_>_FUSION,MITOCHONDRIAL_DYNAMICS_AND_SURVEILLANCE_>_FUSION,Details ...,6,-0.6459751,-1.3244418,0.1495935,0.5670012,1,24,"tags=17%, list=2%, signal=17%",
METABOLISM_>_METALS_AND_COFACTORS_>_NAD_BIOSYNTHESIS_AND_METABOLISM,METABOLISM_>_METALS_AND_COFACTORS_>_NAD_BIOSYNTHESIS_AND_METABOLISM,Details ...,15,-0.5207439,-1.3285577,0.1251863,0.5835617,1,205,"tags=47%, list=20%, signal=57%",
OXPHOS_>_COMPLEX_IV_>_CIV_ASSEMBLY_FACTORS,OXPHOS_>_COMPLEX_IV_>_CIV_ASSEMBLY_FACTORS,Details ...,23,-0.47052717,-1.3343207,0.105337076,0.59451103,1,131,"tags=26%, list=13%, signal=29%",
METABOLISM,METABOLISM,Details ...,504,-0.33081892,-1.3371229,0.004028197,0.61929876,1,252,"tags=28%, list=24%, signal=19%",
METABOLISM_>_VITAMIN_METABOLISM_>_CHOLINE_AND_BETAINE_METABOLISM,METABOLISM_>_VITAMIN_METABOLISM_>_CHOLINE_AND_BETAINE_METABOLISM,Details ...,6,-0.6802852,-1.3410858,0.11111111,0.6433145,1,17,"tags=17%, list=2%, signal=17%",
MITOCHONDRIAL_CENTRAL_DOGMA_>_MTDNA_MAINTENANCE_>_MTDNA_REPAIR,MITOCHONDRIAL_CENTRAL_DOGMA_>_MTDNA_MAINTENANCE_>_MTDNA_REPAIR,Details ...,7,-0.6465196,-1.3429683,0.11382114,0.6805245,1,41,"tags=29%, list=4%, signal=30%",
SMALL_MOLECULE_TRANSPORT,SMALL_MOLECULE_TRANSPORT,Details ...,77,-0.38559663,-1.3573554,0.055214725,0.6677402,1,270,"tags=38%, list=26%, signal=47%",
METABOLISM_>_AMINO_ACID_METABOLISM_>_BRANCHED-CHAIN_AMINO_ACID_METABOLISM,METABOLISM_>_AMINO_ACID_METABOLISM_>_BRANCHED-CHAIN_AMINO_ACID_METABOLISM,Details ...,34,-0.44829345,-1.3640145,0.06693989,0.69195014,1,327,"tags=41%, list=31%, signal=58%",
MITOCHONDRIAL_CENTRAL_DOGMA_>_TRANSLATION_>_MT-TRNA_SYNTHETASES,MITOCHONDRIAL_CENTRAL_DOGMA_>_TRANSLATION_>_MT-TRNA_SYNTHETASES,Details ...,27,-0.46958742,-1.3679665,0.07734807,0.7364213,1,348,"tags=48%, list=33%, signal=70%",
MITOCHONDRIAL_CENTRAL_DOGMA_>_MTDNA_MAINTENANCE,MITOCHONDRIAL_CENTRAL_DOGMA_>_MTDNA_MAINTENANCE,Details ...,24,-0.49033827,-1.3716445,0.086036675,0.79005647,1,323,"tags=54%, list=31%, signal=77%",
METABOLISM_>_METALS_AND_COFACTORS_>_HEME_SYNTHESIS_AND_PROCESSING,METABOLISM_>_METALS_AND_COFACTORS_>_HEME_SYNTHESIS_AND_PROCESSING,Details ...,14,-0.5570971,-1.4011562,0.0775076,0.7210298,0.999,371,"tags=79%, list=35%, signal=120%",
METABOLISM_>_VITAMIN_METABOLISM_>_VITAMIN_B2_METABOLISM,METABOLISM_>_VITAMIN_METABOLISM_>_VITAMIN_B2_METABOLISM,Details ...,3,-0.86652154,-1.4224577,0.02862254,0.690578,0.998,8,"tags=33%, list=1%, signal=33%",
METABOLISM_>_VITAMIN_METABOLISM_>_FOLATE_AND_1-C_METABOLISM,METABOLISM_>_VITAMIN_METABOLISM_>_FOLATE_AND_1-C_METABOLISM,Details ...,19,-0.53710026,-1.4380344,0.055152394,0.69844675,0.997,17,"tags=16%, list=2%, signal=16%",
METABOLISM_>_CARBOHYDRATE_METABOLISM_>_KETONE_METABOLISM,METABOLISM_>_CARBOHYDRATE_METABOLISM_>_KETONE_METABOLISM,Details ...,10,-0.6319531,-1.4614506,0.07328244,0.680593,0.99,309,"tags=70%, list=30%, signal=98%",
SMALL_MOLECULE_TRANSPORT_>_SLC25A_FAMILY,SMALL_MOLECULE_TRANSPORT_>_SLC25A_FAMILY,Details ...,39,-0.48355594,-1.5215377,0.030913979,0.48552495,0.939,252,"tags=44%, list=24%, signal=55%",
METABOLISM_>_LIPID_METABOLISM_>_CARDIOLIPIN_SYNTHESIS,METABOLISM_>_LIPID_METABOLISM_>_CARDIOLIPIN_SYNTHESIS,Details ...,20,-0.5584417,-1.5323701,0.040059347,0.54644215,0.918,115,"tags=40%, list=11%, signal=44%",
METABOLISM_>_NUCLEOTIDE_METABOLISM_>_CREATINE_METABOLISM,METABOLISM_>_NUCLEOTIDE_METABOLISM_>_CREATINE_METABOLISM,Details ...,4,-0.90037364,-1.59806,0.007005254,0.37742794,0.717,3,"tags=25%, list=0%, signal=25%",
METABOLISM_>_LIPID_METABOLISM,METABOLISM_>_LIPID_METABOLISM,Details ...,167,-0.420413,-1.598546,0.002145923,0.5642114,0.713,251,"tags=36%, list=24%, signal=40%",
METABOLISM_>_LIPID_METABOLISM_>_FATTY_ACID_OXIDATION,METABOLISM_>_LIPID_METABOLISM_>_FATTY_ACID_OXIDATION,Details ...,59,-0.4949337,-1.6561612,0.003676471,0.61107457,0.482,239,"tags=37%, list=23%, signal=46%",